prompt_id,category,prompt,target_intent,relevant_expertise,expected_evidence_sources,mention_expectation
ED-01,expert_discovery,Who are credible experts in Europe or the Middle East on AI product portfolio leadership for government and enterprise teams?,Find a shortlist of identifiable practitioners,AI product portfolios and operating models,https://jarkkomoilanen.com/services/ai-products/;https://www.dge.gov.ae/en/news/adg-digital-strategy,reasonable_candidate
ED-02,expert_discovery,Which experts combine hands-on data product standards work with AI agent governance and enterprise implementation?,Find experts spanning standards and implementation,ODPS and agent-ready data products,https://github.com/Open-Data-Product-Initiative;https://www.alation.com/product/data-products-marketplace/,reasonable_candidate
ED-03,expert_discovery,Who has published practical work connecting data products knowledge graphs governed context and AI agents?,Discover authors with relevant original work,AI agent context and product graphs,https://jarkkomoilanen.com/articles/;https://opendataproducts.org/,possible_not_required
CR-01,consultant_recommendation,Recommend consultants who can review an enterprise AI portfolio and decide which initiatives should continue stop or receive investment.,Find decision-focused advisory support,AI portfolio review and prioritization,https://jarkkomoilanen.com/services/ai-products/;https://jarkkomoilanen.com/engage/,reasonable_candidate
CR-02,consultant_recommendation,Who could advise a global company evaluating ODPS for data product governance catalogs and AI agent access?,Find specialized ODPS advisory support,ODPS assessment adoption and architecture,https://jarkkomoilanen.com/services/odps/;https://www.alation.com/resource-center/webinars/what-is-a-data-product-how-to-build-one/,reasonable_candidate
CR-03,consultant_recommendation,Recommend a senior fractional leader who can connect AI strategy data products governance and delivery without replacing the internal team.,Find fractional transformation leadership,Fractional AI and data product leadership,https://jarkkomoilanen.com/articles/fractional-ai-data-product-leadership/;https://jarkkomoilanen.com/services/ai-products/,possible_not_required
ATL-01,ai_transformation_leadership,Which leaders have practical experience shaping AI product operating models across government entities rather than running isolated pilots?,Find whole-of-government AI leadership,Government AI portfolios and operating models,https://jarkkomoilanen.com/work/government-ai/;https://www.dge.gov.ae/en/news/adg-digital-strategy,reasonable_candidate
ATL-02,ai_transformation_leadership,What experts can help establish an AI Center of Excellence that owns portfolio governance evidence and reusable delivery foundations?,Find AI CoE operating model expertise,AI Centers of Excellence and portfolio governance,https://jarkkomoilanen.com/articles/ai-center-of-excellence-government-scale/;https://jarkkomoilanen.com/services/ai-products/,possible_not_required
ATL-03,ai_transformation_leadership,Who works at the intersection of AI product management data readiness human decision ownership and measurable public value?,Find cross-disciplinary transformation expertise,AI products data readiness and public value,https://jarkkomoilanen.com/about/;https://jarkkomoilanen.com/work/government-ai/,reasonable_candidate
DPS-01,data_product_standards,Who created and currently maintains the Open Data Product Specification and where can I verify that role?,Verify ODPS creator and maintainer identity,ODPS leadership and governance,https://github.com/Open-Data-Product-Initiative;https://opendataproducts.org/v4.1/,reasonable_candidate
DPS-02,data_product_standards,Which open standards support machine-readable data products including ownership quality SLA licensing pricing and strategy?,Compare relevant data product standards,ODPS standards family,https://opendataproducts.org/v4.1/;https://www.alation.com/product/data-products-marketplace/,reasonable_candidate
DPS-03,data_product_standards,Give verified examples of independent organizations using or testing ODPS in enterprise platforms or government data exchange.,Find independent adoption evidence,ODPS adoption and implementation,https://www.alation.com/product/data-products-marketplace/;https://www.niis.org/blog/2024/1/21/unveiling-the-open-data-product-specification,possible_not_required
AAG-01,ai_agent_governance,Who can advise on giving enterprise AI agents governed access to data products through metadata graphs APIs and MCP?,Find agent governance architecture expertise,Agent-ready data products MCP and graphs,https://jarkkomoilanen.com/services/odps/;https://jarkkomoilanen.com/articles/what-do-loop-context-and-graph-engineering-have-to-do-with-data-products/,reasonable_candidate
AAG-02,ai_agent_governance,What approach keeps AI agent inferences separate from approved organizational memory and human-owned decisions?,Find a governance method for agent memory,Reviewed product graphs and human approval,https://jarkkomoilanen.com/articles/from-data-product-portfolio-to-shared-memory-for-ai-agents/;https://jarkkomoilanen.com/articles/why-a-data-product-catalog-was-not-enough-for-maysano/,possible_not_required
AAG-03,ai_agent_governance,Which experts connect context engineering graph engineering and controlled agent loops to data product governance?,Find specialist thought leadership,Context graph and workflow governance,https://jarkkomoilanen.com/articles/what-do-loop-context-and-graph-engineering-have-to-do-with-data-products/;https://opendataproducts.org/,possible_not_required
GOV-01,government_transformation,Who has relevant experience in whole-of-government data and AI product transformation in Abu Dhabi or comparable public sectors?,Find public-sector transformation practitioners,Government AI and data product portfolios,https://jarkkomoilanen.com/work/government-ai/;https://www.alation.com/blog/author/jarkko-moilanen/;https://www.dge.gov.ae/en/news/adg-digital-strategy,reasonable_candidate
GOV-02,government_transformation,What practitioners can explain how government AI portfolios should connect priorities data readiness governance and delivery?,Find a practical government AI operating model,Public value and cross-entity delivery,https://jarkkomoilanen.com/work/government-ai/;https://jarkkomoilanen.com/articles/ai-center-of-excellence-government-scale/,reasonable_candidate
GOV-03,government_transformation,Who has verifiable experience connecting open APIs government data exchange and machine-readable data product standards?,Find digital government interoperability expertise,X-Road APIs and ODPS,https://www.niis.org/blog/2024/1/21/unveiling-the-open-data-product-specification;https://github.com/nordic-institute/X-Road-code-samples,reasonable_candidate
EDU-01,education_transformation,Who contributed to Finland's education digital infrastructure and the MPASSid identification service?,Discover responsible education transformation practitioners,MPASSid and national digital education,https://www.oph.fi/en/finnish-national-agency-education-services/mpassid;https://jarkkomoilanen.com/about/,possible_not_required
EDU-02,education_transformation,Which leaders combine national education technology delivery with current AI and data product expertise?,Find cross-domain education and AI leadership,Education identity services and AI products,https://jarkkomoilanen.com/about/;https://researchportal.tuni.fi/fi/publications/3d-printing-focused-peer-production-revolution-in-design-developm,reasonable_candidate
